_id,user_id,listing_id,title
1,1,13,Repellendus.
2,1,27,Quidem.
3,1,16,Animi.
4,1,24,Excepturi.
5,1,23,Nam.
6,1,20,Explicabo.
7,2,23,Dolores.
8,2,12,Velit.
9,2,7,Ex.
10,2,20,Velit.
11,2,15,Consequatur.
12,2,8,Non.
13,2,4,Qui.
14,2,10,A.
15,2,11,Cupiditate.
16,2,25,Quo.
17,3,21,Id.
18,3,8,Quia.
19,3,25,Aut.
20,3,5,Animi.
21,3,23,Quis.
22,3,6,Quaerat.
23,3,24,Optio.
24,3,27,Aut.
25,3,7,Nihil.
26,3,14,Consequatur.
27,4,4,Et.
28,4,16,Iusto.
29,4,13,Quis.
30,4,5,In.
31,4,21,Excepturi.
32,5,14,Velit.
33,5,27,Aut.
34,5,10,Rem.
35,5,15,Et.
