_id,title,location,rating,total_ratings,user_id,photos,favorites
1,Quia perspiciatis aut.,"McKenzieberg, Missouri",3.2,699,1,,
2,Cumque voluptate vitae.,"East Toy, Louisiana",4.0,290,1,,
3,Consequatur quam blanditiis.,"Mableton, Utah",0.9,79,1,,
4,Praesentium veniam tenetur.,"Port Juliomouth, New York",1.4,796,1,,
5,Voluptates qui rerum.,"Kaylinfort, North Dakota",0.3,131,1,,
6,Id et cumque.,"Kaylinside, New Mexico",2.3,251,1,,
7,Ut eius in.,"South Lianatown, Louisiana",0.8,66,2,,
8,Nihil ad rerum.,"New Amy, Vermont",2.7,583,2,,
9,Repellat et adipisci.,"Rogahnshire, Alaska",2.5,285,2,,
10,Debitis id nisi.,"Hannahport, West Virginia",2.8,852,2,,
11,Laborum ut assumenda.,"Krajcikville, Louisiana",0.7,610,2,,
12,Quo rerum deserunt.,"North Sonia, Utah",0.6,356,2,,
13,Nobis molestiae omnis.,"Lake Lilianamouth, Georgia",1.9,132,2,,
14,Quas debitis ex.,"West Kobe, Vermont",0.8,241,3,,
15,Ut tenetur possimus.,"Alejandramouth, Illinois",0.3,529,3,,
16,Voluptatibus dignissimos est.,"Beattymouth, New Mexico",2.5,10,3,,
17,Possimus ut officiis.,"Elwinfort, Mississippi",1.5,58,3,,
18,Voluptatibus rerum autem.,"Lake Lilyan, Oklahoma",2.8,534,4,,
19,Eligendi ea sint.,"Kylieburgh, South Carolina",3.3,136,4,,
20,Provident nesciunt cupiditate.,"Lake Leonie, Kentucky",2.1,461,4,,
21,Et repudiandae porro.,"Ambertown, Vermont",2.6,578,4,,
22,Voluptatem architecto beatae.,"Lynchhaven, Vermont",1.3,117,4,,
23,Id veniam iure.,"Beaulahport, Oklahoma",3.1,866,4,,
24,Iure velit temporibus.,"South Elverabury, Mississippi",0.7,920,4,,
25,Neque est eos.,"East Robertoport, Louisiana",2.6,649,4,,
26,Repellendus atque dolore.,"Kadinchester, Wyoming",0.7,38,4,,
27,Quisquam voluptatem ratione.,"South Lauretta, Hawaii",2.8,428,5,,
28,Distinctio est explicabo.,"West Kelleyport, Wisconsin",3.6,538,5,,
29,Libero ad libero.,"Khalilberg, Idaho",2.6,298,5,,
