id,title,location,rating,totalRatings
1,Accusamus eum et.,"South Glendatown, Maine",0.1,174
2,Quis sed et.,"Estefaniaberg, Kansas",1.7,123
3,Aliquam blanditiis quisquam.,"Vandervortchester, Nevada",3.3,399
4,Accusantium modi autem.,"Nicolasside, Iowa",0.4,972
5,Ex architecto ipsam.,"Jeaniemouth, Colorado",1.8,399
6,Sint deserunt id.,"Cummerataberg, Virginia",0.8,798
7,Nihil et est.,"South Bella, New York",1.2,483
8,Ipsam molestias laboriosam.,"North Viola, New York",0.1,18
9,Reiciendis repellendus eum.,"Ruthland, Minnesota",0.9,243
10,Culpa nulla est.,"West Leonardview, Mississippi",1.2,721
11,Qui asperiores quia.,"South Christ, North Dakota",3.4,265
12,Deserunt numquam illum.,"Port Loren, Utah",1.3,533
13,Eos qui qui.,"Emmerichtown, Iowa",0.0,575
14,Eius in qui.,"East Jadon, Washington",0.7,962
15,Consequatur tempora suscipit.,"New Adrien, Maryland",1.8,535
16,Magnam distinctio quae.,"Rohanview, North Dakota",3.9,262
17,Quia perspiciatis ut.,"Lake Bellaville, Kentucky",1.4,765
18,Ipsa doloremque eaque.,"North Elzafurt, Alaska",0.1,318
19,Omnis dolorem nobis.,"Lake Cassandra, New York",1.2,95
20,Magnam voluptas et.,"South Rahsaanburgh, Missouri",4.0,275
21,Est voluptatem placeat.,"Reidburgh, New Jersey",2.4,844
22,Rerum laboriosam tenetur.,"Port Ewellport, Connecticut",3.9,58
23,Atque repellendus voluptas.,"Abigailmouth, Georgia",3.9,641
24,Aut pariatur atque.,"Millstown, Colorado",3.1,609
25,A dolore cum.,"Armstrongville, New Jersey",1.8,876
26,Earum vel sed.,"Mattborough, Massachusetts",0.9,804
27,Aut nam aperiam.,"Miguelmouth, Kentucky",2.3,930
28,Quis odit dolor.,"Port Nellaburgh, Louisiana",3.0,521
29,Reprehenderit non qui.,"Maynardport, Vermont",2.3,183
30,Sunt autem repellendus.,"North Alfredo, Kansas",3.0,502
31,Et dignissimos nam.,"North Alan, Tennessee",0.6,724
32,Deleniti et laborum.,"North Derekfort, Missouri",0.2,574
33,Ut maiores hic.,"Paucekland, Wyoming",0.1,866
34,Quos dolorem id.,"Candidobury, Indiana",3.5,692
35,Ipsam perspiciatis est.,"Lillianchester, Kentucky",0.4,29
36,Ex qui illo.,"South Laila, South Dakota",2.9,988
37,Odio nobis quod.,"Nathanborough, Georgia",2.2,242
38,Nulla fugiat rerum.,"South Karina, Alaska",2.4,649
39,Et quia nisi.,"Lake Kamren, Massachusetts",3.4,715
40,Iusto exercitationem consequatur.,"Pourosview, Vermont",3.8,229
41,Maxime et dignissimos.,"Margaretetown, Washington",0.5,291
42,Voluptates eos iste.,"Cristtown, South Dakota",1.9,812
43,Et dolor dolor.,"Ornburgh, Texas",3.0,409
44,Vel necessitatibus tempora.,"Labadieborough, Rhode Island",1.8,487
45,Ipsum quasi adipisci.,"North Hattieshire, Illinois",0.8,714
46,Quam cumque consequatur.,"West Fayfort, Idaho",2.6,999
47,Nostrum quas est.,"Tyrelberg, Nebraska",0.0,414
48,Excepturi fugiat adipisci.,"Estefaniaview, North Dakota",2.0,851
49,At et vel.,"Roychester, Maryland",3.9,550
50,In eaque animi.,"Lake Nedrachester, Illinois",3.3,150
51,Quibusdam quis est.,"McDermottside, Texas",2.1,555
52,Est at consectetur.,"Torrancetown, Washington",0.4,109
53,Aut quas quis.,"Yvettemouth, Minnesota",3.7,986
54,Est voluptatum qui.,"East Alliemouth, North Dakota",2.6,113
55,Voluptatem iure autem.,"West Issacburgh, Massachusetts",2.0,617
56,Mollitia quidem a.,"New Diamondbury, West Virginia",3.0,156
57,Atque quo saepe.,"Marlenberg, Wyoming",1.0,407
58,Tempore deserunt natus.,"East Delphiahaven, North Carolina",1.4,327
59,Aliquam qui impedit.,"Keyshawntown, Tennessee",3.2,308
60,Sit facilis quas.,"Ziemannhaven, Rhode Island",1.2,565
61,Deleniti aut vel.,"Adalinebury, Hawaii",0.9,449
62,Ut sed corporis.,"Yasminport, Louisiana",3.8,734
63,Qui explicabo ut.,"West Reynoldton, Mississippi",2.4,350
64,Sit non qui.,"Wuckertmouth, Oregon",2.9,973
65,Sed sed nostrum.,"Easterview, Colorado",3.6,774
66,Modi nesciunt voluptates.,"Lake Billieview, Florida",3.6,1
67,Quia eaque est.,"Julieport, North Carolina",1.3,63
68,Corrupti voluptas quo.,"Lake Pollyhaven, Nebraska",3.2,314
69,Sint molestias doloribus.,"North Maryside, Tennessee",2.6,73
70,Reprehenderit debitis necessitatibus.,"Doyleville, Massachusetts",0.6,105
71,Ullam voluptatem est.,"East Jaedenport, Arizona",1.0,958
72,Illum nostrum voluptatum.,"East Barry, Arkansas",0.2,376
73,Nobis temporibus quis.,"O'Connerhaven, Rhode Island",2.7,571
74,Sed animi placeat.,"Stokesburgh, South Carolina",2.2,805
75,Dolore et et.,"Lake Mac, Wisconsin",1.3,475
76,Ea aut molestiae.,"North Giovani, Arkansas",2.4,92
77,Sit quo perspiciatis.,"West Shaun, Indiana",0.8,835
78,Quos deleniti et.,"East Jedidiah, New Mexico",3.0,900
79,Quae eos similique.,"Juvenalmouth, West Virginia",0.9,197
80,Ea quaerat nobis.,"Parkerfort, Alabama",3.1,827
81,Amet eum autem.,"South Telly, Vermont",3.3,591
82,Adipisci molestias totam.,"North Antoniomouth, Oregon",0.0,838
83,Assumenda rerum optio.,"Harberside, Michigan",1.5,696
84,Quaerat quo reprehenderit.,"West Paris, Kansas",2.8,566
85,Ut sit delectus.,"Juanaport, Maine",3.9,263
86,Et aut quae.,"North Justine, Illinois",1.5,630
87,Ex non saepe.,"Yundtstad, Colorado",2.2,908
88,Ducimus saepe et.,"Chelseafort, Connecticut",2.5,191
89,Velit beatae nesciunt.,"East Sheldonville, Connecticut",0.2,931
90,Ex hic non.,"West Deja, Kansas",1.7,896
91,Autem dolor aut.,"Port Mavis, Idaho",2.8,589
92,Asperiores quo voluptatem.,"West Tadside, Florida",1.2,865
93,Voluptas voluptatem nihil.,"West Rose, Arkansas",2.0,505
94,Laudantium mollitia fuga.,"New Emilemouth, Virginia",0.7,308
95,Omnis et quibusdam.,"Lake Esmeraldaview, West Virginia",1.6,21
96,Aut molestias id.,"Anneton, North Carolina",0.4,385
97,Nemo at id.,"Sierrafort, Wisconsin",0.8,638
98,Id quia quam.,"Nikolasshire, Missouri",1.4,745
99,Sit qui aut.,"Port Esperanzaton, Rhode Island",0.2,68
100,Voluptatem et deleniti.,"South Mckaylaburgh, South Dakota",2.0,955
